record_id,product_family_id,source,display_currency,cleaned_price,price_basis,participant_profile,price_recheck_date,comparison_service_window,rechecked_source_price,rechecked_source_currency,rechecked_price_basis,normalized_currency,normalized_price,fx_rate,fx_rate_date,fx_source,price_qa_status,price_analysis_eligible,recheck_provenance_url,exclusion_or_scope_note
APD02-025,PF-APD02-025,VIATOR,USD,51,per_person,1_adult_standard,2026-08-23,2026-09-15_to_2026-09-21,,,,,,,,,PRICE_EXCLUDED_COMMON_SERVICE_WINDOW_NOT_VERIFIED,false,https://www.viator.com/tours/Amsterdam/Amsterdam-Countryside-Bike-Tour-Including-Cheese-Tasting-and-Clog-Demonstration/d525-6464COUNTRY,Excluded: common service-window price not verified.
APD02-026,PF-APD02-026,VIATOR,USD,22.6,per_person,1_adult_standard,2026-08-23,2026-09-15_to_2026-09-21,,,,,,,,,PRICE_EXCLUDED_COMMON_SERVICE_WINDOW_NOT_VERIFIED,false,https://www.viator.com/tours/Amsterdam/1-hour-Amsterdam-Canal-Cruise-with-Local-Skipper/d525-463549P1,Excluded: common service-window price not verified.
APD02-027,PF-APD02-027,VIATOR,USD,23,per_person,1_adult_standard,2026-08-23,2026-09-15_to_2026-09-21,,,,,,,,,PRICE_EXCLUDED_COMMON_SERVICE_WINDOW_NOT_VERIFIED,false,https://www.viator.com/tours/Amsterdam/Amsterdam-Booze-Boat/d525-220898P2,Excluded: common service-window price not verified.
APD02-028,PF-APD02-028,VIATOR,USD,92,per_person,1_adult_standard,2026-08-23,2026-09-15_to_2026-09-21,,,,,,,,,PRICE_EXCLUDED_COMMON_SERVICE_WINDOW_NOT_VERIFIED,false,https://www.viator.com/tours/Amsterdam/Amsterdam-Jordaan-District-Food-Walking-Tour/d525-6624FOOD,Excluded: common service-window price not verified.
APD02-029,PF-APD02-029,VIATOR,USD,54.37,per_person,1_adult_standard,2026-08-23,2026-09-15_to_2026-09-21,,,,,,,,,PRICE_EXCLUDED_COMMON_SERVICE_WINDOW_NOT_VERIFIED,false,https://www.viator.com/tours/Amsterdam/Amsterdam-Cheese-Windmill-and-Countryside-Bike-Tour/d525-5525234P1,Excluded: common service-window price not verified.
APD02-030,PF-APD02-030,VIATOR,USD,,not_displayed,,2026-08-23,2026-09-15_to_2026-09-21,,,,,,,,,PRICE_EXCLUDED_NONCOMPARABLE_OR_NONNUMERIC_BASIS,false,https://www.viator.com/tours/Amsterdam/Guilty-Pleasure-Food-and-Drink-Tour-Trough-Old-Amsterdam-and-Red-Light-District/d525-375412P1,Excluded: non-comparable or non-numeric basis.
APD02-031,PF-APD02-031,VIATOR,USD,23,per_person,1_adult_standard,2026-08-23,2026-09-15_to_2026-09-21,,,,,,,,,PRICE_EXCLUDED_COMMON_SERVICE_WINDOW_NOT_VERIFIED,false,https://www.viator.com/en-GB/tours/Amsterdam/Amsterdam-Canal-Cruise-60-minutes/d525-21949P15,Excluded: common service-window price not verified.
APD02-032,PF-APD02-032,VIATOR,USD,,not_displayed,,2026-08-23,2026-09-15_to_2026-09-21,,,,,,,,,PRICE_EXCLUDED_NONCOMPARABLE_OR_NONNUMERIC_BASIS,false,https://www.viator.com/tours/Amsterdam/Bike-Tour-of-Amsterdams-Highlights-and-Hidden-Gems/d525-71193P1,Excluded: non-comparable or non-numeric basis.
APD02-033,PF-MIKES-CITY-BIKE,VIATOR,USD,43.56,per_person,1_adult_standard,2026-08-23,2026-09-15_to_2026-09-21,,,,,,,,,PRICE_EXCLUDED_COMMON_SERVICE_WINDOW_NOT_VERIFIED,false,https://www.viator.com/en-GB/tours/Amsterdam/Amsterdam-City-Bike-Tour/d525-6464CITY,Excluded: common service-window price not verified.
APD02-034,PF-APD02-034,VIATOR,USD,,not_displayed,,2026-08-23,2026-09-15_to_2026-09-21,,,,,,,,,PRICE_EXCLUDED_NONCOMPARABLE_OR_NONNUMERIC_BASIS,false,https://www.viator.com/tours/Amsterdam/Small-City-Bike-Tour/d525-100957P1,Excluded: non-comparable or non-numeric basis.
APD02-035,PF-APD02-035,KLOOK,CNY,308,bundle,1_adult_standard,2026-08-23,2026-09-15_to_2026-09-21,,,,,,,,,PRICE_EXCLUDED_NONCOMPARABLE_OR_NONNUMERIC_BASIS,false,https://www.klook.com/activity/87343-amsterdam-canal-cruise-with-straat-museum-ticket/,Excluded: non-comparable or non-numeric basis.
APD02-036,PF-APD02-036,KLOOK,NOT_DISPLAYED,,bundle,1_adult_standard,2026-08-23,2026-09-15_to_2026-09-21,,,,,,,,,PRICE_EXCLUDED_NONCOMPARABLE_OR_NONNUMERIC_BASIS,false,https://www.klook.com/activity/212019-stedelijk-musuem-ticket-and-lovers-canal-cruise/,Excluded: non-comparable or non-numeric basis.
APD02-037,PF-APD02-037,KLOOK,NOT_DISPLAYED,,bundle,1_adult_standard,2026-08-23,2026-09-15_to_2026-09-21,,,,,,,,,PRICE_EXCLUDED_NONCOMPARABLE_OR_NONNUMERIC_BASIS,false,https://www.klook.com/en-AE/activity/2819-van-gogh-museum-amsterdam/,Excluded: non-comparable or non-numeric basis.
APD02-038,PF-APD02-038,KLOOK,NOT_DISPLAYED,,not_displayed,,2026-08-23,2026-09-15_to_2026-09-21,,,,,,,,,PRICE_EXCLUDED_NONCOMPARABLE_OR_NONNUMERIC_BASIS,false,https://www.klook.com/activity/17543-countryside-windmills-keukenhof-tour-amsterdam/,Excluded: non-comparable or non-numeric basis.
APD02-039,PF-APD02-039,KLOOK,NOT_DISPLAYED,,bundle,1_adult_standard,2026-08-23,2026-09-15_to_2026-09-21,,,,,,,,,PRICE_EXCLUDED_NONCOMPARABLE_OR_NONNUMERIC_BASIS,false,https://www.klook.com/en-US/activity/19861-canal-cruise-moco-museum-ticket-amsterdam/,Excluded: non-comparable or non-numeric basis.
APD02-040,PF-APD02-040,KLOOK,CNY,278,per_person,1_adult_standard,2026-08-23,2026-09-15_to_2026-09-21,,,,,,,,,PRICE_EXCLUDED_COMMON_SERVICE_WINDOW_NOT_VERIFIED,false,https://www.klook.com/activity/84942-amsterdam-countryside-windmills-tour-amsterdam/,Excluded: common service-window price not verified.
APD02-041,PF-LOVERS-CLASSIC-CANAL,TIQETS,GBP,10.39,per_person,1_adult_standard,2026-08-23,2026-09-15_to_2026-09-21,,,,,,,,,PRICE_EXCLUDED_COMMON_SERVICE_WINDOW_NOT_VERIFIED,false,https://www.tiqets.com/en/amsterdam-attractions-c75061/tickets-for-traditional-1-hour-canal-cruise-p1135497/,Excluded: common service-window price not verified.
APD02-042,PF-APD02-042,TIQETS,GBP,16.11,per_person,1_adult_standard,2026-08-23,2026-09-15_to_2026-09-21,,,,,,,,,PRICE_EXCLUDED_COMMON_SERVICE_WINDOW_NOT_VERIFIED,false,https://www.tiqets.com/en/amsterdam-attractions-c75061/tickets-for-luxury-cruise-with-onboard-bar-p1135499/,Excluded: common service-window price not verified.
APD02-043,PF-APD02-043,TIQETS,GBP,11.94,per_person,1_adult_standard,2026-08-23,2026-09-15_to_2026-09-21,,,,,,,,,PRICE_EXCLUDED_COMMON_SERVICE_WINDOW_NOT_VERIFIED,false,https://www.tiqets.com/en/amsterdam-attractions-c75061/tickets-for-traditional-evening-canal-cruise-p1135496/,Excluded: common service-window price not verified.
APD02-044,PF-APD02-044,TIQETS,GBP,26.93,per_person,1_adult_standard,2026-08-23,2026-09-15_to_2026-09-21,,,,,,,,,PRICE_EXCLUDED_COMMON_SERVICE_WINDOW_NOT_VERIFIED,false,https://www.tiqets.com/en/amsterdam-attractions-c75061/tickets-for-luxury-cruise-with-cheese-wine-p1135501/,Excluded: common service-window price not verified.
APD02-045,PF-APD02-045,TIQETS,GBP,11.56,per_person,1_adult_standard,2026-08-23,2026-09-15_to_2026-09-21,,,,,,,,,PRICE_EXCLUDED_COMMON_SERVICE_WINDOW_NOT_VERIFIED,false,https://www.tiqets.com/en/amsterdam-attractions-c75061/tickets-for-canal-cruise-with-optional-snack-p1135508/,Excluded: common service-window price not verified.
APD02-046,PF-APD02-046,TIQETS,GBP,19.26,per_person,1_adult_standard,2026-08-23,2026-09-15_to_2026-09-21,,,,,,,,,PRICE_EXCLUDED_COMMON_SERVICE_WINDOW_NOT_VERIFIED,false,https://www.tiqets.com/en/amsterdam-attractions-c75061/tickets-for-dutch-cheese-tasting-at-henri-willig-p855999/,Excluded: common service-window price not verified.
APD02-047,PF-APD02-047,TIQETS,GBP,4.71,per_person,1_adult_standard,2026-08-23,2026-09-15_to_2026-09-21,,,,,,,,,PRICE_EXCLUDED_COMMON_SERVICE_WINDOW_NOT_VERIFIED,false,https://www.tiqets.com/en/amsterdam-attractions-c75061/tickets-for-city-tour-of-amsterdam-audio-guide-app-p1015995/,Excluded: common service-window price not verified.
APD02-048,PF-APD02-048,TIQETS,NOT_DISPLAYED,,bundle,1_adult_standard,2026-08-23,2026-09-15_to_2026-09-21,,,,,,,,,PRICE_EXCLUDED_NONCOMPARABLE_OR_NONNUMERIC_BASIS,false,https://www.tiqets.com/en/amsterdam-attractions-c75061/tickets-for-i-amsterdam-city-card-p975500/,Excluded: non-comparable or non-numeric basis.
APD02-049,PF-APD02-049,DIRECT,EUR,14.5,per_person,1_adult_standard,2026-08-23,2026-09-15_to_2026-09-21,,,,,,,,,PRICE_EXCLUDED_COMMON_SERVICE_WINDOW_NOT_VERIFIED,false,https://www.stromma.com/en-nl/amsterdam/sightseeing/canal-tours/100-highlights-cruise/,Excluded: common service-window price not verified.
APD02-050,PF-APD02-050,DIRECT,EUR,20.5,per_person,1_adult_standard,2026-08-23,2026-09-15_to_2026-09-21,,,,,,,,,PRICE_EXCLUDED_COMMON_SERVICE_WINDOW_NOT_VERIFIED,false,https://www.stromma.com/en-nl/amsterdam/sightseeing/canal-tours/small-boat-cruise/,Excluded: common service-window price not verified.
APD02-051,PF-APD02-051,DIRECT,EUR,23.5,per_group,,2026-08-23,2026-09-15_to_2026-09-21,,,,,,,,,PRICE_EXCLUDED_NONCOMPARABLE_OR_NONNUMERIC_BASIS,false,https://www.stromma.com/en-nl/amsterdam/sightseeing/canal-tours/pedal-boat/,Excluded: non-comparable or non-numeric basis.
APD02-052,PF-APD02-052,DIRECT,EUR,33.5,per_person,1_adult_standard,2026-08-23,2026-09-15_to_2026-09-21,,,,,,,,,PRICE_EXCLUDED_COMMON_SERVICE_WINDOW_NOT_VERIFIED,false,https://www.stromma.com/en-nl/amsterdam/dining-cruises/cheese-wine-cruise/,Excluded: common service-window price not verified.
APD02-053,PF-APD02-053,DIRECT,EUR,34.5,per_person,1_adult_standard,2026-08-23,2026-09-15_to_2026-09-21,,,,,,,,,PRICE_EXCLUDED_COMMON_SERVICE_WINDOW_NOT_VERIFIED,false,https://www.stromma.com/en-nl/amsterdam/dining-cruises/pizza-cruise/,Excluded: common service-window price not verified.
APD02-054,PF-APD02-054,DIRECT,EUR,44,per_person,1_adult_standard,2026-08-23,2026-09-15_to_2026-09-21,,,,,,,,,PRICE_EXCLUDED_COMMON_SERVICE_WINDOW_NOT_VERIFIED,false,https://mikesbiketoursamsterdam.com/urban-adventures-tour-amsterdam/,Excluded: common service-window price not verified.
APD02-055,PF-APD02-055,DIRECT,EUR,59,per_person,1_adult_standard,2026-08-23,2026-09-15_to_2026-09-21,,,,,,,,,PRICE_EXCLUDED_COMMON_SERVICE_WINDOW_NOT_VERIFIED,false,https://mikesbiketoursamsterdam.com/countryside-bike-tour-north-e-bike/,Excluded: common service-window price not verified.
APD02-056,PF-MIKES-CITY-BIKE,DIRECT,EUR,35,per_person,1_adult_standard,2026-08-23,2026-09-15_to_2026-09-21,,,,,,,,,PRICE_EXCLUDED_COMMON_SERVICE_WINDOW_NOT_VERIFIED,false,https://mikesbiketoursamsterdam.com/,Excluded: common service-window price not verified.
APD02-057,PF-APD02-057,DIRECT,EUR,45,per_person,1_adult_standard,2026-08-23,2026-09-15_to_2026-09-21,,,,,,,,,PRICE_EXCLUDED_COMMON_SERVICE_WINDOW_NOT_VERIFIED,false,https://www.yellowbike.nl/en/tours/countryside-bike-tour-from-amsterdam/,Excluded: common service-window price not verified.
APD02-058,PF-LOVERS-CLASSIC-CANAL,DIRECT,NOT_DISPLAYED,,not_displayed,,2026-08-23,2026-09-15_to_2026-09-21,,,,,,,,,PRICE_EXCLUDED_NONCOMPARABLE_OR_NONNUMERIC_BASIS,false,https://www.lovers.nl/amsterdam-city-canal-cruises/1-h-amsterdam-day-canal-cruise/,Excluded: non-comparable or non-numeric basis.
APD02-059,PF-APD02-059,DIRECT,NOT_DISPLAYED,,not_displayed,,2026-08-23,2026-09-15_to_2026-09-21,,,,,,,,,PRICE_EXCLUDED_NONCOMPARABLE_OR_NONNUMERIC_BASIS,false,https://www.lovers.nl/amsterdam-dinner-cruises/new-york-pizza-cruise-lovers/,Excluded: non-comparable or non-numeric basis.
APD02-060,PF-APD02-060,DIRECT,NOT_DISPLAYED,,not_displayed,,2026-08-23,2026-09-15_to_2026-09-21,,,,,,,,,PRICE_EXCLUDED_NONCOMPARABLE_OR_NONNUMERIC_BASIS,false,https://www.lovers.nl/amsterdam-dinner-cruises/amsterdam-culinary-cruise/,Excluded: non-comparable or non-numeric basis.
APD02-061,PF-APD02-061,GYG,USD,53,per_person,,2026-08-23,2026-09-15_to_2026-09-21,,,,,,,,,PRICE_EXCLUDED_COMMON_SERVICE_WINDOW_NOT_VERIFIED,false,https://www.getyourguide.com/amsterdam-l36/amsterdam-walking-tour-t616749/,Excluded: common service-window price not verified.
APD02-062,PF-APD02-062,GYG,USD,30,per_person,,2026-08-23,2026-09-15_to_2026-09-21,,,,,,,,,PRICE_EXCLUDED_COMMON_SERVICE_WINDOW_NOT_VERIFIED,false,https://www.getyourguide.com/amsterdam-l36/amsterdam-culture-history-walking-tour-in-german-t66011/,Excluded: common service-window price not verified.
APD02-063,PF-APD02-063,GYG,USD,32,per_person,,2026-08-23,2026-09-15_to_2026-09-21,,,,,,,,,PRICE_EXCLUDED_COMMON_SERVICE_WINDOW_NOT_VERIFIED,false,https://www.getyourguide.com/amsterdam-l36/amsterdam-historic-center-walking-tour-t629371/,Excluded: common service-window price not verified.
APD02-064,PF-APD02-064,GYG,NOT_DISPLAYED,,not_displayed,,2026-08-23,2026-09-15_to_2026-09-21,,,,,,,,,PRICE_EXCLUDED_NONCOMPARABLE_OR_NONNUMERIC_BASIS,false,https://www.getyourguide.com/amsterdam-l36/amsterdam-guided-italian-walking-tour-t205525/,Excluded: non-comparable or non-numeric basis.
APD02-065,PF-APD02-065,GYG,NOT_DISPLAYED,,not_displayed,,2026-08-23,2026-09-15_to_2026-09-21,,,,,,,,,PRICE_EXCLUDED_NONCOMPARABLE_OR_NONNUMERIC_BASIS,false,https://www.getyourguide.com/amsterdam-l36/secret-food-tours-amsterdam-t171273/,Excluded: non-comparable or non-numeric basis.
APD02-066,PF-APD02-066,GYG,NOT_DISPLAYED,,not_displayed,,2026-08-23,2026-09-15_to_2026-09-21,,,,,,,,,PRICE_EXCLUDED_NONCOMPARABLE_OR_NONNUMERIC_BASIS,false,https://www.getyourguide.com/amsterdam-l36/amsterdam-food-tour-with-drinks-by-spui-canals-and-jordaan-t435248/,Excluded: non-comparable or non-numeric basis.
APD02-067,PF-APD02-067,GYG,USD,114,per_person,,2026-08-23,2026-09-15_to_2026-09-21,,,,,,,,,PRICE_EXCLUDED_COMMON_SERVICE_WINDOW_NOT_VERIFIED,false,https://www.getyourguide.com/amsterdam-l36/eating-amsterdam-albert-cuyp-market-the-pijp-food-tour-t650212/,Excluded: common service-window price not verified.
APD02-068,PF-APD02-068,GYG,NOT_DISPLAYED,,not_displayed,,2026-08-23,2026-09-15_to_2026-09-21,,,,,,,,,PRICE_EXCLUDED_NONCOMPARABLE_OR_NONNUMERIC_BASIS,false,https://www.getyourguide.com/amsterdam-l36/amsterdam-self-guided-foodie-tour-with-8-stops-t426248/,Excluded: non-comparable or non-numeric basis.
APD02-069,PF-APD02-069,VOICEMAP,USD,8.99,per_person,,2026-08-23,2026-09-15_to_2026-09-21,9.99,USD,per_person_date_independent,EUR,8.54,0.85477391,2026-08-21,European Central Bank euro foreign exchange reference rates; https://www.ecb.europa.eu/stats/policy_and_exchange_rates/euro_reference_exchange_rates/html/index.en.html,PRICE_COMPARABLE_DATE_INDEPENDENT_VERIFIED,true,https://voicemap.me/tour/amsterdam/an-amsterdam-introduction-from-fishing-hamlet-to-trading-centre,Eligible only within date-independent digital-product price subset.
APD02-070,PF-APD02-070,VOICEMAP,USD,11.99,per_person,,2026-08-23,2026-09-15_to_2026-09-21,11.99,USD,per_person_date_independent,EUR,10.25,0.85477391,2026-08-21,European Central Bank euro foreign exchange reference rates; https://www.ecb.europa.eu/stats/policy_and_exchange_rates/euro_reference_exchange_rates/html/index.en.html,PRICE_COMPARABLE_DATE_INDEPENDENT_VERIFIED,true,https://voicemap.me/tour/amsterdam/old-amsterdam-a-walking-tour-through-the-east-side-and-jewish-district/sites/entrepotdok,Eligible only within date-independent digital-product price subset.
APD02-071,PF-APD02-071,VOICEMAP,USD,19.99,per_person,,2026-08-23,2026-09-15_to_2026-09-21,19.99,USD,per_person_date_independent,EUR,17.09,0.85477391,2026-08-21,European Central Bank euro foreign exchange reference rates; https://www.ecb.europa.eu/stats/policy_and_exchange_rates/euro_reference_exchange_rates/html/index.en.html,PRICE_COMPARABLE_DATE_INDEPENDENT_VERIFIED,true,https://voicemap.me/tour/amsterdam/power-and-politics-an-amsterdam-audio-tour-with-context,Eligible only within date-independent digital-product price subset.
APD02-072,PF-APD02-072,VOICEMAP,USD,14.99,per_person,,2026-08-23,2026-09-15_to_2026-09-21,14.99,USD,per_person_date_independent,EUR,12.81,0.85477391,2026-08-21,European Central Bank euro foreign exchange reference rates; https://www.ecb.europa.eu/stats/policy_and_exchange_rates/euro_reference_exchange_rates/html/index.en.html,PRICE_COMPARABLE_DATE_INDEPENDENT_VERIFIED,true,https://voicemap.me/tour/amsterdam/red-lights-trade-and-tolerance-a-tour-of-amsterdam-s-old-centre,Eligible only within date-independent digital-product price subset.
APD02-073,PF-APD02-073,VOICEMAP,USD,9.99,per_person,,2026-08-23,2026-09-15_to_2026-09-21,9.99,USD,per_person_date_independent,EUR,8.54,0.85477391,2026-08-21,European Central Bank euro foreign exchange reference rates; https://www.ecb.europa.eu/stats/policy_and_exchange_rates/euro_reference_exchange_rates/html/index.en.html,PRICE_COMPARABLE_DATE_INDEPENDENT_VERIFIED,true,https://voicemap.me/tour/amsterdam/the-dutch-invented-that-an-irreverent-amsterdam-tour,Eligible only within date-independent digital-product price subset.
APD02-074,PF-APD02-074,VOICEMAP,USD,8.99,per_person,,2026-08-23,2026-09-15_to_2026-09-21,8.99,USD,per_person_date_independent,EUR,7.68,0.85477391,2026-08-21,European Central Bank euro foreign exchange reference rates; https://www.ecb.europa.eu/stats/policy_and_exchange_rates/euro_reference_exchange_rates/html/index.en.html,PRICE_COMPARABLE_DATE_INDEPENDENT_VERIFIED,true,https://voicemap.me/tour/amsterdam/vondelpark-old-west-neighbourhood/sites,Eligible only within date-independent digital-product price subset.
APD02-075,PF-APD02-075,VOICEMAP,USD,7.99,per_person,,2026-08-23,2026-09-15_to_2026-09-21,7.99,USD,per_person_date_independent,EUR,6.83,0.85477391,2026-08-21,European Central Bank euro foreign exchange reference rates; https://www.ecb.europa.eu/stats/policy_and_exchange_rates/euro_reference_exchange_rates/html/index.en.html,PRICE_COMPARABLE_DATE_INDEPENDENT_VERIFIED,true,https://voicemap.me/tour/amsterdam/vibrant-amsterdam-east-a-story-of-urban-revival-beyond-the-canals/sites/timorplein,Eligible only within date-independent digital-product price subset.
APD02-076,PF-APD02-076,VOICEMAP,USD,8.99,per_person,,2026-08-23,2026-09-15_to_2026-09-21,8.99,USD,per_person_date_independent,EUR,7.68,0.85477391,2026-08-21,European Central Bank euro foreign exchange reference rates; https://www.ecb.europa.eu/stats/policy_and_exchange_rates/euro_reference_exchange_rates/html/index.en.html,PRICE_COMPARABLE_DATE_INDEPENDENT_VERIFIED,true,https://voicemap.me/tour/amsterdam/a-tasty-stroll-around-the-cool-spots-of-the-pijp/sites,Eligible only within date-independent digital-product price subset.
APD02-077,PF-APD02-077,VOICEMAP,USD,9.99,per_person,,2026-08-23,2026-09-15_to_2026-09-21,11.99,USD,per_person_date_independent,EUR,10.25,0.85477391,2026-08-21,European Central Bank euro foreign exchange reference rates; https://www.ecb.europa.eu/stats/policy_and_exchange_rates/euro_reference_exchange_rates/html/index.en.html,PRICE_COMPARABLE_DATE_INDEPENDENT_VERIFIED,true,https://voicemap.me/tour/amsterdam/red-light-district/sites/nieuwmarkt,Eligible only within date-independent digital-product price subset.
APD02-078,PF-APD02-078,VOICEMAP,USD,9.99,per_person,,2026-08-23,2026-09-15_to_2026-09-21,9.99,USD,per_person_date_independent,EUR,8.54,0.85477391,2026-08-21,European Central Bank euro foreign exchange reference rates; https://www.ecb.europa.eu/stats/policy_and_exchange_rates/euro_reference_exchange_rates/html/index.en.html,PRICE_COMPARABLE_DATE_INDEPENDENT_VERIFIED,true,https://voicemap.me/tour/amsterdam/family-friendly-amsterdam-a-walking-tour-for-adults-and-kids/sites,Eligible only within date-independent digital-product price subset.
APD02-079,PF-APD02-079,IAMSTERDAM,INCLUDED,,included,,2026-08-23,2026-09-15_to_2026-09-21,,,,,,,,,PRICE_EXCLUDED_NONCOMPARABLE_OR_NONNUMERIC_BASIS,false,https://www.iamsterdam.com/en/whats-on/calendar/attractions-and-sights/tours/amsterdam-walking-tour-youre-perfect-introduction-to-the-city,Excluded: non-comparable or non-numeric basis.
APD02-080,PF-APD02-080,IAMSTERDAM,TIP_BASED,,tip_based,,2026-08-23,2026-09-15_to_2026-09-21,,,,,,,,,PRICE_EXCLUDED_NONCOMPARABLE_OR_NONNUMERIC_BASIS,false,https://www.iamsterdam.com/en/whats-on/calendar/attractions-and-sights/tours/free-walking-tours-amsterdam,Excluded: non-comparable or non-numeric basis.
APD02-081,PF-APD02-081,IAMSTERDAM,INCLUDED,,included,,2026-08-23,2026-09-15_to_2026-09-21,,,,,,,,,PRICE_EXCLUDED_NONCOMPARABLE_OR_NONNUMERIC_BASIS,false,https://www.iamsterdam.com/en/whats-on/calendar/attractions-and-sights/tours/anne-frank-walk,Excluded: non-comparable or non-numeric basis.
APD02-082,PF-APD02-082,TIQETS,NOT_DISPLAYED,,not_displayed,,2026-08-23,2026-09-15_to_2026-09-21,,,,,,,,,PRICE_EXCLUDED_NONCOMPARABLE_OR_NONNUMERIC_BASIS,false,https://www.tiqets.com/en/amsterdam-attractions-c75061/tickets-for-amsterdam-red-light-district-audio-tour-p1029334/,Excluded: non-comparable or non-numeric basis.
APD02-083,PF-APD02-083,UCPLACES,USD,15,per_person,,2026-08-23,2026-09-15_to_2026-09-21,15.00,USD,per_person_date_independent,EUR,12.82,0.85477391,2026-08-21,European Central Bank euro foreign exchange reference rates; https://www.ecb.europa.eu/stats/policy_and_exchange_rates/euro_reference_exchange_rates/html/index.en.html,PRICE_COMPARABLE_DATE_INDEPENDENT_VERIFIED,true,https://www.ucplaces.com/usertourinfo/1892-amsterdam-walking-tour-netherlands-history-culture-main-sites-self-guided-gps-audio-tour-,Eligible only within date-independent digital-product price subset.
APD02-084,PF-APD02-084,VOICEMAP,USD,4.99,per_person,,2026-08-23,2026-09-15_to_2026-09-21,4.99,USD,per_person_date_independent,EUR,4.27,0.85477391,2026-08-21,European Central Bank euro foreign exchange reference rates; https://www.ecb.europa.eu/stats/policy_and_exchange_rates/euro_reference_exchange_rates/html/index.en.html,PRICE_COMPARABLE_DATE_INDEPENDENT_VERIFIED,true,https://voicemap.me/tour/amsterdam/space-tourist-amsterdam-explore-the-city-s-cosmic-side-by-public-transport,Eligible only within date-independent digital-product price subset.
APD02-085,PF-APD02-085,EXPEDIA,USD,94.06,per_person,1 adult standard participant,2026-08-23,2026-09-15_to_2026-09-21,,,,,,,,,PRICE_EXCLUDED_COMMON_SERVICE_WINDOW_NOT_VERIFIED,false,https://www.expedia.com/things-to-do/top-10-tastings-of-amsterdam-food-culture-bike-tour.a51777590.activity-details,Excluded: common service-window price not verified.
APD02-086,PF-APD02-086,EXPEDIA,NOT_DISPLAYED,,not_displayed,1 adult standard participant,2026-08-23,2026-09-15_to_2026-09-21,,,,,,,,,PRICE_EXCLUDED_NONCOMPARABLE_OR_NONNUMERIC_BASIS,false,https://www.expedia.com/things-to-do/explore-amsterdam-canals-on-iconic-flower-bikes.a50020975.activity-details,Excluded: non-comparable or non-numeric basis.
APD02-087,PF-APD02-087,EXPEDIA,NOT_DISPLAYED,,not_displayed,1 adult standard participant,2026-08-23,2026-09-15_to_2026-09-21,,,,,,,,,PRICE_EXCLUDED_NONCOMPARABLE_OR_NONNUMERIC_BASIS,false,https://www.expedia.com/things-to-do/amsterdam-top-highlights-city-bike-tour.a49586539.activity-details,Excluded: non-comparable or non-numeric basis.
APD02-088,PF-APD02-088,EXPEDIA,USD,44.34,per_person,1 adult standard participant,2026-08-23,2026-09-15_to_2026-09-21,,,,,,,,,PRICE_EXCLUDED_COMMON_SERVICE_WINDOW_NOT_VERIFIED,false,https://www.expedia.com/things-to-do/amsterdam-mikes-city-bike-tour-the-highlights.a48181979.activity-details,Excluded: common service-window price not verified.
APD02-089,PF-APD02-089,EXPEDIA,USD,43,per_person,1 adult standard participant,2026-08-23,2026-09-15_to_2026-09-21,,,,,,,,,PRICE_EXCLUDED_COMMON_SERVICE_WINDOW_NOT_VERIFIED,false,https://www.expedia.com/things-to-do/amsterdam-recorrido-en-bicicleta-de-2-5-horas.a5209568.detalles-actividades,Excluded: common service-window price not verified.
APD02-090,PF-APD02-090,EXPEDIA,USD,98.56,per_person,1 adult standard participant,2026-08-23,2026-09-15_to_2026-09-21,,,,,,,,,PRICE_EXCLUDED_COMMON_SERVICE_WINDOW_NOT_VERIFIED,false,https://www.expedia.com/things-to-do/10-tastes-of-amsterdam-food-tour-by-unesco-canals-and-jordaan.a45036719.activity-details,Excluded: common service-window price not verified.
APD02-091,PF-APD02-091,EXPEDIA,NOT_DISPLAYED,,not_displayed,1 adult standard participant,2026-08-23,2026-09-15_to_2026-09-21,,,,,,,,,PRICE_EXCLUDED_NONCOMPARABLE_OR_NONNUMERIC_BASIS,false,https://www.expedia.com/things-to-do/go-city-amsterdam-explorer-pass-choose-3-to-7-attractions.a44869587.activity-details,Excluded: non-comparable or non-numeric basis.
APD02-092,PF-APD02-092,EXPEDIA,NOT_DISPLAYED,,not_displayed,1 adult standard participant,2026-08-23,2026-09-15_to_2026-09-21,,,,,,,,,PRICE_EXCLUDED_NONCOMPARABLE_OR_NONNUMERIC_BASIS,false,https://www.expedia.com/things-to-do/go-city-amsterdam-all-inclusive-pass-with-25-attractions.a5292912.activity-details,Excluded: non-comparable or non-numeric basis.
APD02-093,PF-THIS-IS-HOLLAND-ENTRY,EXPEDIA,USD,26.72,per_person,1 adult standard participant,2026-08-23,2026-09-15_to_2026-09-21,,,,,,,,,PRICE_EXCLUDED_COMMON_SERVICE_WINDOW_NOT_VERIFIED,false,https://www.expedia.com/things-to-do/ticket-to-the-ultimate-5d-flight-experience-at-this-is-holland.a919370.activity-details,Excluded: common service-window price not verified.
APD02-094,PF-AMAZE-ENTRY,EXPEDIA,USD,37.55,per_person,1 adult standard participant,2026-08-23,2026-09-15_to_2026-09-21,,,,,,,,,PRICE_EXCLUDED_COMMON_SERVICE_WINDOW_NOT_VERIFIED,false,https://www.expedia.com/things-to-do/amaze-amsterdam-immersive-audiovisual-experience.a4794919.activity-details,Excluded: common service-window price not verified.
APD02-095,PF-AMSTERDAM-DUNGEON-ENTRY,EXPEDIA,USD,31.07,per_person,1 adult standard participant,2026-08-23,2026-09-15_to_2026-09-21,,,,,,,,,PRICE_EXCLUDED_COMMON_SERVICE_WINDOW_NOT_VERIFIED,false,https://www.expedia.com/things-to-do/the-amsterdam-dungeon-admission-ticket.a50249484.activity-details,Excluded: common service-window price not verified.
APD02-096,PF-APD02-096,EXPEDIA,USD,27.32,per_person,1 adult standard participant,2026-08-23,2026-09-15_to_2026-09-21,,,,,,,,,PRICE_EXCLUDED_COMMON_SERVICE_WINDOW_NOT_VERIFIED,false,https://www.expedia.com/things-to-do/madame-tussauds-amsterdam-admission-ticket.a50249749.activity-details,Excluded: common service-window price not verified.
APD02-097,PF-MOCO-ENTRY,EXPEDIA,USD,22.82,per_person,1 adult standard participant,2026-08-23,2026-09-15_to_2026-09-21,,,,,,,,,PRICE_EXCLUDED_COMMON_SERVICE_WINDOW_NOT_VERIFIED,false,https://www.expedia.com/things-to-do/official-tickets-moco-modern-contemporary-art-museum.a50581336.activity-details,Excluded: common service-window price not verified.
APD02-098,PF-APD02-098,EXPEDIA,USD,73.91,per_person,1 adult standard participant,2026-08-23,2026-09-15_to_2026-09-21,,,,,,,,,PRICE_EXCLUDED_COMMON_SERVICE_WINDOW_NOT_VERIFIED,false,https://www.expedia.com/things-to-do/amsterdam-exclusive-heineken-experience-vip-tour-ticket.a4997663.activity-details,Excluded: common service-window price not verified.
APD02-099,PF-APD02-099,EXPEDIA,NOT_DISPLAYED,,not_displayed,1 adult standard participant,2026-08-23,2026-09-15_to_2026-09-21,,,,,,,,,PRICE_EXCLUDED_NONCOMPARABLE_OR_NONNUMERIC_BASIS,false,https://www.expedia.com/things-to-do/skip-the-line-heineken-experience-ticket-canal-cruise.a486733.activity-details,Excluded: non-comparable or non-numeric basis.
APD02-100,PF-APD02-100,EXPEDIA,NOT_DISPLAYED,,not_displayed,1 adult standard participant,2026-08-23,2026-09-15_to_2026-09-21,,,,,,,,,PRICE_EXCLUDED_NONCOMPARABLE_OR_NONNUMERIC_BASIS,false,https://www.expedia.com/things-to-do/amsterdam-combo-heineken-experience-1-hour-canal-cruise.a740034.activity-details,Excluded: non-comparable or non-numeric basis.
APD02-101,PF-THIS-IS-HOLLAND-ENTRY,IAMSTERDAM,INCLUDED,,included,1 adult standard participant,2026-08-23,2026-09-15_to_2026-09-21,,,,,,,,,PRICE_EXCLUDED_NONCOMPARABLE_OR_NONNUMERIC_BASIS,false,https://www.iamsterdam.com/en/whats-on/calendar/attractions-and-sights/attractions/this-is-holland-the-ultimate-5d-flight-experience,Excluded: non-comparable or non-numeric basis.
APD02-102,PF-AMSTERDAM-DUNGEON-ENTRY,IAMSTERDAM,INCLUDED,,included,1 adult standard participant,2026-08-23,2026-09-15_to_2026-09-21,,,,,,,,,PRICE_EXCLUDED_NONCOMPARABLE_OR_NONNUMERIC_BASIS,false,https://www.iamsterdam.com/en/whats-on/calendar/attractions-and-sights/attractions/the-amsterdam-dungeon,Excluded: non-comparable or non-numeric basis.
APD02-103,PF-MOCO-ENTRY,IAMSTERDAM,INCLUDED,,included,1 adult standard participant,2026-08-23,2026-09-15_to_2026-09-21,,,,,,,,,PRICE_EXCLUDED_NONCOMPARABLE_OR_NONNUMERIC_BASIS,false,https://www.iamsterdam.com/en/whats-on/calendar/museums-and-galleries/museums/moco-museum,Excluded: non-comparable or non-numeric basis.
APD02-104,PF-APD02-104,IAMSTERDAM,NOT_DISPLAYED,,not_displayed,1 adult standard participant,2026-08-23,2026-09-15_to_2026-09-21,,,,,,,,,PRICE_EXCLUDED_NONCOMPARABLE_OR_NONNUMERIC_BASIS,false,https://www.iamsterdam.com/en/whats-on/calendar/attractions-and-sights/canal-cruises/feboat,Excluded: non-comparable or non-numeric basis.
APD02-105,PF-APD02-105,GYG,USD,32,per_person,1 adult standard participant,2026-08-23,2026-09-15_to_2026-09-21,,,,,,,,,PRICE_EXCLUDED_COMMON_SERVICE_WINDOW_NOT_VERIFIED,false,https://www.getyourguide.com/amsterdam-l36/amsterdam-rijksmuseum-entry-ticket-t7135/,Excluded: common service-window price not verified.
APD02-106,PF-APD02-106,GYG,EUR,28,per_person,1 adult standard participant,2026-08-23,2026-09-15_to_2026-09-21,,,,,,,,,PRICE_EXCLUDED_COMMON_SERVICE_WINDOW_NOT_VERIFIED,false,https://www.getyourguide.com/amsterdam-l36/amsterdam-moco-museum-and-1-hour-canal-cruise-t161439/,Excluded: common service-window price not verified.
APD02-107,PF-AMAZE-ENTRY,GYG,USD,28,per_person,1 adult standard participant,2026-08-23,2026-09-15_to_2026-09-21,,,,,,,,,PRICE_EXCLUDED_COMMON_SERVICE_WINDOW_NOT_VERIFIED,false,https://www.getyourguide.com/amsterdam-l36/amsterdam-amaze-immersive-audiovisual-experience-ticket-t404922/,Excluded: common service-window price not verified.
APD02-108,PF-APD02-108,GYG,USD,42,per_person,1 adult standard participant,2026-08-23,2026-09-15_to_2026-09-21,,,,,,,,,PRICE_EXCLUDED_COMMON_SERVICE_WINDOW_NOT_VERIFIED,false,https://www.getyourguide.com/en-gb/amsterdam-l36/amsterdam-combination-this-is-holland-and-1hr-canal-cruise-t458948/,Excluded: common service-window price not verified.
